{"cameraMode":{"drawMode":0,"name":"Shaded","section":"Shading Mode"},"sceneLighting":true,"audioPlay":false,"sceneViewState":{"m_AlwaysRefresh":false,"showFog":true,"showSkybox":true,"showFlares":true,"showImageEffects":true,"showParticleSystems":true,"showVisualEffectGraphs":true,"m_FxEnabled":true},"in2DMode":false,"pivot":{"x":-0.0958162397146225,"y":2.0214502811431886,"z":-1.515772819519043},"rotation":{"x":-0.11672518402338028,"y":-0.021301107481122018,"z":0.003028824692592025,"w":-0.9931772351264954},"size":1.9714776277542115,"orthographic":false}