{"cameraMode":{"drawMode":0,"name":"Shaded","section":"Shading Mode"},"sceneLighting":true,"audioPlay":false,"sceneViewState":{"m_AlwaysRefresh":false,"showFog":true,"showSkybox":true,"showFlares":true,"showImageEffects":true,"showParticleSystems":true,"showVisualEffectGraphs":true,"m_FxEnabled":true},"in2DMode":false,"pivot":{"x":5.965798854827881,"y":-1.4468014240264893,"z":-0.03839568421244621},"rotation":{"x":0.12053336203098297,"y":0.8778394460678101,"z":-0.29622921347618105,"w":0.35680440068244936},"size":2.9785428047180177,"orthographic":false}