{"cameraMode":{"drawMode":0,"name":"Shaded","section":"Shading Mode"},"sceneLighting":true,"audioPlay":false,"sceneViewState":{"m_AlwaysRefresh":false,"showFog":true,"showSkybox":true,"showFlares":true,"showImageEffects":true,"showParticleSystems":true,"showVisualEffectGraphs":true,"m_FxEnabled":true},"in2DMode":false,"pivot":{"x":5.637021064758301,"y":-0.5014874935150147,"z":5.938763618469238},"rotation":{"x":0.12481004744768143,"y":0.8669028282165527,"z":-0.2726730704307556,"w":0.39870914816856387},"size":1.6532049179077149,"orthographic":false}