{"cameraMode":{"drawMode":0,"name":"Shaded","section":"Shading Mode"},"sceneLighting":true,"audioPlay":false,"sceneViewState":{"m_AlwaysRefresh":false,"showFog":true,"showSkybox":true,"showFlares":true,"showImageEffects":true,"showParticleSystems":true,"showVisualEffectGraphs":true,"m_FxEnabled":true},"in2DMode":false,"pivot":{"x":3.5310962200164797,"y":1.7670375108718873,"z":2.0298755168914797},"rotation":{"x":0.001565616694279015,"y":0.9720485806465149,"z":-0.2347884625196457,"w":0.006424563936889172},"size":0.17109493911266328,"orthographic":false}