{"cameraMode":{"drawMode":0,"name":"Shaded","section":"Shading Mode"},"sceneLighting":true,"audioPlay":false,"sceneViewState":{"m_AlwaysRefresh":false,"showFog":true,"showSkybox":true,"showFlares":true,"showImageEffects":true,"showParticleSystems":true,"showVisualEffectGraphs":true,"m_FxEnabled":true},"in2DMode":false,"pivot":{"x":-4.059154033660889,"y":1.7931013107299805,"z":0.9899253845214844},"rotation":{"x":-0.022499894723296167,"y":-0.0008971263887360692,"z":0.0000795446103438735,"w":-0.9998149871826172},"size":3.386927604675293,"orthographic":false}