{"cameraMode":{"drawMode":0,"name":"Shaded","section":"Shading Mode"},"sceneLighting":true,"audioPlay":false,"sceneViewState":{"m_AlwaysRefresh":false,"showFog":true,"showSkybox":true,"showFlares":true,"showImageEffects":true,"showParticleSystems":true,"showVisualEffectGraphs":true,"m_FxEnabled":true},"in2DMode":false,"pivot":{"x":5.330357074737549,"y":3.2843403816223146,"z":-21.724246978759767},"rotation":{"x":-0.0015295527409762145,"y":0.9984583258628845,"z":0.03714930638670921,"w":0.041950877755880359},"size":12.12435531616211,"orthographic":false}