{"cameraMode":{"drawMode":0,"name":"Shaded","section":"Shading Mode"},"sceneLighting":true,"audioPlay":false,"sceneViewState":{"m_AlwaysRefresh":false,"showFog":true,"showSkybox":true,"showFlares":true,"showImageEffects":true,"showParticleSystems":true,"showVisualEffectGraphs":true,"m_FxEnabled":true},"in2DMode":false,"pivot":{"x":2.801504135131836,"y":0.5860000252723694,"z":0.32100000977516177},"rotation":{"x":-0.23481103777885438,"y":0.3428868055343628,"z":-0.08894600719213486,"w":-0.9051937460899353},"size":0.18879356980323792,"orthographic":false}