{"cameraMode":{"drawMode":0,"name":"Shaded","section":"Shading Mode"},"sceneLighting":true,"audioPlay":false,"sceneViewState":{"m_AlwaysRefresh":false,"showFog":true,"showSkybox":true,"showFlares":true,"showImageEffects":true,"showParticleSystems":true,"showVisualEffectGraphs":true,"m_FxEnabled":true},"in2DMode":false,"pivot":{"x":1.575732707977295,"y":1.5256311893463135,"z":3.412248134613037},"rotation":{"x":-0.009949032217264176,"y":0.9859707355499268,"z":-0.155376598238945,"w":-0.06219356507062912},"size":0.15575651824474336,"orthographic":false}