{"cameraMode":{"drawMode":0,"name":"Shaded","section":"Shading Mode"},"sceneLighting":true,"audioPlay":false,"sceneViewState":{"m_AlwaysRefresh":false,"showFog":true,"showSkybox":true,"showFlares":true,"showImageEffects":true,"showParticleSystems":true,"showVisualEffectGraphs":true,"m_FxEnabled":true},"in2DMode":false,"pivot":{"x":-0.20337510108947755,"y":-0.015534416772425175,"z":1.2640701532363892},"rotation":{"x":-0.249623641371727,"y":-0.012495242990553379,"z":0.003214465919882059,"w":-0.9682683944702148},"size":1.5355629920959473,"orthographic":false}